{
    "timestamp": "20251216_223454",
    "config": {
        "models": [
            "resnet18",
            "mobilenet"
        ],
        "device": "cuda:0",
        "experiment": "rebuttal",
        "seed": 888,
        "pruning_rates": [
            0.2,
            0.3,
            0.5,
            0.7
        ]
    },
    "resnet18_child_6cls": {
        "0": {
            "parent_id": 0,
            "classes": [
                182,
                116,
                184,
                178,
                188,
                55
            ],
            "results": {
                "unpruned": 87.17948717948718,
                "pruned_20": {
                    "accuracy": 85.8974358974359,
                    "sparsity": 19.999903312305552
                },
                "pruned_30": {
                    "accuracy": 88.46153846153847,
                    "sparsity": 29.999917636408433
                },
                "pruned_50": {
                    "accuracy": 80.76923076923077,
                    "sparsity": 50.0000089525643
                },
                "pruned_70": {
                    "accuracy": 51.282051282051285,
                    "sparsity": 69.99991226486985
                }
            }
        }
    },
    "mobilenet_child_6cls": {
        "0": {
            "parent_id": 0,
            "classes": [
                182,
                116,
                184,
                178,
                188,
                55
            ],
            "results": {
                "unpruned": 85.8974358974359,
                "pruned_20": {
                    "accuracy": 70.51282051282051,
                    "sparsity": 19.999180865006554
                },
                "pruned_30": {
                    "accuracy": 61.53846153846154,
                    "sparsity": 29.998953327508374
                },
                "pruned_50": {
                    "accuracy": 25.641025641025642,
                    "sparsity": 50.0
                },
                "pruned_70": {
                    "accuracy": 19.23076923076923,
                    "sparsity": 69.99913535750692
                }
            }
        }
    }
}