{
    "timestamp": "20251216_194306",
    "config": {
        "models": [
            "resnet50",
            "mobilenet"
        ],
        "device": "cuda:0",
        "experiment": "rebuttal",
        "seed": 888,
        "pruning_rates": [
            0.2,
            0.3,
            0.5,
            0.7
        ]
    },
    "resnet50_child_6cls": {
        "0": {
            "parent_id": 0,
            "classes": [
                182,
                116,
                184,
                178,
                188,
                55
            ],
            "results": {
                "unpruned": 78.57142857142857,
                "pruned_20": {
                    "accuracy": 80.95238095238095,
                    "sparsity": 20.00000852253358
                },
                "pruned_30": {
                    "accuracy": 80.95238095238095,
                    "sparsity": 29.99999147746642
                },
                "pruned_50": {
                    "accuracy": 80.95238095238095,
                    "sparsity": 50.0
                },
                "pruned_70": {
                    "accuracy": 57.142857142857146,
                    "sparsity": 70.00000852253358
                }
            }
        }
    },
    "mobilenet_child_6cls": {
        "0": {
            "parent_id": 0,
            "classes": [
                182,
                116,
                184,
                178,
                188,
                55
            ],
            "results": {
                "unpruned": 78.57142857142857,
                "pruned_20": {
                    "accuracy": 40.476190476190474,
                    "sparsity": 20.0
                },
                "pruned_30": {
                    "accuracy": 9.523809523809524,
                    "sparsity": 30.0
                },
                "pruned_50": {
                    "accuracy": 7.142857142857143,
                    "sparsity": 50.0
                },
                "pruned_70": {
                    "accuracy": 7.142857142857143,
                    "sparsity": 70.0
                }
            }
        }
    }
}